#{"t_start": 1677953427.991905, "env_id": null}
r,l,t
-72.4,23,0.020954
339.38,25,0.032888
127.77,24,0.044855
-62.74,24,0.05985
31.45,25,0.076771
-79.42,26,0.092727
-434.74,36,0.114671
-155.86,23,0.126637
-346.81,29,0.141597
132.06,24,0.153565
39.45,23,0.164535
89.0,26,0.182487
-65.08,25,0.194455
-100.99,23,0.209448
-435.66,27,0.222415
218.13,27,0.235376
453.78,26,0.248346
159.21,23,0.259315
108.23,27,0.27228
72.54,24,0.284248
535.83,25,0.296219
6.94,26,0.310147
305.37,27,0.323113
-550.4,25,0.335107
336.41,30,0.350073
186.23,32,0.365
424.78,28,0.378963
-118.25,29,0.39296
36.93,26,0.40493
-252.18,24,0.416893
-166.18,23,0.427864
381.27,29,0.441796
-21.11,25,0.453794
-334.45,29,0.467757
130.04,24,0.479725
84.03,24,0.490693
-128.05,23,0.501666
-9.88,24,0.513634
256.82,24,0.552498
245.06,24,0.5635
-267.58,26,0.576436
367.08,28,0.590429
-41.2,24,0.602404
213.59,25,0.614365
-20.12,24,0.626333
197.07,24,0.63827
689.28,26,0.651266
-198.41,28,0.665198
-51.23,25,0.677164
154.76,24,0.689132
259.93,25,0.702098
-29.48,29,0.71606
357.18,25,0.728028
499.69,36,0.745982
335.76,23,0.756952
182.29,23,0.768953
203.27,26,0.781919
229.18,25,0.793886
-165.59,24,0.805852
-206.2,25,0.818818
32.72,25,0.830755
-63.05,30,0.845713
382.12,24,0.857683
448.71,23,0.868654
9.68,26,0.881619
-453.66,23,0.892589
457.07,28,0.906552
166.42,25,0.919549
-257.81,25,0.931516
91.4,24,0.943485
156.77,25,0.955452
-239.45,25,0.968419
241.26,29,0.982383
-354.73,29,0.996343
56.46,25,1.009308
-424.34,23,1.021244
527.83,27,1.035208
147.39,28,1.061137
227.93,23,1.073105
545.14,29,2.27489
-235.78,24,2.287855
445.69,23,2.30481
25.87,24,2.316778
350.36,25,2.329743
329.59,26,2.346698
484.72,31,2.365649
278.15,24,2.380607
198.5,23,2.392575
408.7,27,2.406538
245.27,28,2.424491
-273.5,27,2.442442
752.08,23,2.461391
509.82,25,2.476352
-90.02,24,2.488353
-239.31,27,2.501319
16.86,24,2.512287
194.23,25,2.524255
211.72,23,2.535226
636.88,26,2.548191
-96.65,25,2.560129
321.81,24,2.572128
390.03,28,2.585092
-365.31,31,2.601018
689.26,24,2.61202
292.87,29,2.625987
564.87,25,2.637952
-78.12,25,2.650887
335.79,25,2.662884
293.5,23,2.673858
422.6,27,2.686821
434.03,24,2.698788
130.82,26,2.710756
151.3,24,2.722725
337.59,28,2.736691
-7.16,36,2.75464
369.23,25,2.766607
-103.1,29,2.794532
348.18,27,2.808495
375.13,23,2.819466
169.37,24,2.831403
288.19,29,2.846363
324.01,30,2.861323
11.26,25,2.873289
289.68,23,2.885257
94.38,25,2.897225
-110.49,25,2.910191
128.15,29,2.924153
-512.19,30,2.939113
192.35,25,2.951081
294.13,28,2.965045
-86.96,30,2.980006
-203.38,29,2.994996
77.84,23,3.005967
865.85,24,3.017904
270.04,32,3.033861
502.82,23,3.044832
549.97,26,3.058794
-233.98,29,3.072756
136.45,24,3.084723
47.65,26,3.09769
18.45,23,3.108662
-23.9,27,3.122624
69.66,26,3.135588
-2.21,25,3.147555
152.79,23,3.158526
840.57,30,3.176479
356.61,25,3.189475
275.47,25,3.201443
150.99,24,3.21338
-263.84,24,3.225385
140.75,28,3.239343
-381.92,25,3.251307
360.98,25,3.263279
2.97,34,3.280235
-36.81,32,3.310153
39.01,27,3.323087
663.23,25,3.336051
21.46,27,4.524871
677.76,30,4.548807
30.75,30,4.572743
-131.34,25,4.585708
308.79,27,4.598673
-23.36,24,4.616626
480.4,24,4.629591
-181.93,28,4.644551
42.05,26,4.6645
-163.93,28,4.678462
-36.78,26,4.691426
-85.84,28,4.705389
40.03,27,4.722343
227.8,26,4.735337
119.1,26,4.748275
42.51,25,4.76028
-367.98,24,4.772241
-174.84,29,4.787169
295.09,28,4.801164
74.42,28,4.814129
23.0,26,4.827062
-51.44,31,4.843052
-6.11,30,4.857981
408.92,23,4.868984
305.14,26,4.88195
-686.04,32,4.897873
273.28,24,4.909843
243.92,27,4.922839
144.14,24,4.934776
168.95,33,4.950733
224.99,28,4.964696
-99.45,23,4.976664
408.13,29,4.990627
214.9,28,5.00459
-94.14,29,5.02653
383.67,28,5.040493
38.6,26,5.053457
621.77,29,5.068417
-88.17,31,5.083377
311.52,24,5.095346
206.92,30,5.110306
-110.0,23,5.121277
-121.31,29,5.136237
369.15,27,5.150199
244.25,29,5.164162
393.38,35,5.182113
-654.51,31,5.197073
163.96,23,5.208044
282.52,25,5.220049
-307.24,28,5.233974
429.16,24,5.245942
-193.03,27,5.258944
304.63,27,5.271907
325.56,27,5.284871
224.88,26,5.297836
100.29,27,5.310801
273.09,26,5.323766
12.84,24,5.334737
-181.58,26,5.347702
330.39,26,5.360669
432.51,27,5.37364
137.72,26,5.385569
202.63,27,5.398567
25.19,28,5.412529
-113.8,25,5.424498
292.71,30,5.439456
97.15,25,5.45143
114.42,35,5.467382
4.48,31,5.482344
435.68,28,5.496309
85.72,26,5.517216
19.27,23,5.528186
-399.21,27,5.54215
322.54,24,5.554117
245.98,26,5.567085
-41.29,23,5.578056
286.97,29,6.874592
-147.39,37,6.893541
339.68,33,6.910494
523.1,36,6.928446
-56.29,28,6.943405
-96.42,30,6.969337
147.12,24,6.984298
165.06,23,6.995268
-159.5,38,7.015213
421.97,24,7.027183
63.64,23,7.040148
139.64,31,7.055107
55.57,26,7.068073
178.34,27,7.082035
261.23,27,7.095998
-159.41,29,7.10999
13.46,31,7.124955
439.85,27,7.137918
377.17,34,7.15484
292.43,23,7.16581
550.73,23,7.176782
169.77,35,7.193737
511.41,31,7.208697
28.95,34,7.224654
22.51,33,7.24061
304.79,28,7.254574
-124.31,33,7.270532
447.6,29,7.284494
399.72,25,7.296462
376.13,28,7.318403
87.59,26,7.331369
-105.72,24,7.343338
561.85,24,7.354308
207.27,24,7.366281
-75.95,29,7.381241
-92.74,38,7.400188
71.1,28,7.414153
389.6,29,7.428114
332.44,25,7.441079
-5.04,28,7.455042
-165.18,34,7.472028
56.16,33,7.487986
291.58,27,7.501948
204.21,36,7.51987
525.58,35,7.536825
394.36,26,7.549788
165.62,24,7.561756
507.47,26,7.574723
16.11,27,7.587688
100.06,24,7.599657
-143.0,28,7.613619
436.91,23,7.625587
123.18,27,7.639548
-470.72,30,7.65451
574.54,25,7.666478
320.12,25,7.679443
418.04,25,7.691411
-109.76,23,7.704377
156.12,27,7.717341
45.06,26,7.730308
395.18,27,7.744268
112.73,26,7.757234
600.66,29,7.771196
775.46,28,7.785158
177.68,38,7.804108
565.36,31,7.833031
128.7,30,7.847992
410.48,23,7.858963
23.27,34,7.875917
332.75,27,7.88988
-55.7,23,7.900851
663.69,32,7.916808
491.73,24,9.167461
615.41,23,9.178432
-77.04,23,9.196385
100.97,29,9.221316
216.5,27,9.238273
248.08,23,9.252266
373.32,31,9.269189
141.14,31,9.286143
135.84,26,9.300106
646.78,31,9.321059
195.66,28,9.336043
177.03,31,9.351968
380.01,35,9.370918
13.04,37,9.388898
76.56,27,9.401878
-32.62,29,9.415797
431.24,26,9.428794
492.95,33,9.444752
83.39,32,9.460709
-364.45,34,9.477632
-96.07,32,9.49359
360.67,24,9.505558
63.42,24,9.517524
59.12,24,9.529494
94.13,27,9.544454
397.87,26,9.557418
-252.78,34,9.573375
362.21,27,9.587337
78.43,27,9.615263
-39.89,27,9.628228
377.04,24,9.640198
291.03,30,9.656153
-55.11,29,9.671114
95.63,28,9.685076
-179.43,26,9.698041
284.39,24,9.710009
-184.06,33,9.725967
54.85,24,9.737967
695.62,31,9.75293
80.29,26,9.765893
186.35,23,9.777829
214.97,24,9.789797
-122.67,31,9.804756
-31.27,26,9.817721
144.2,33,9.834676
338.7,32,9.850635
420.74,30,9.865625
360.95,28,9.879588
153.14,28,9.893551
275.69,26,9.906485
165.08,31,9.921476
316.14,26,9.93441
778.15,33,9.951365
24.5,31,9.966325
515.19,37,9.984277
734.02,31,10.000235
87.33,28,10.014197
689.22,31,10.029188
259.49,23,10.041156
-90.79,33,10.057113
867.81,42,10.078024
-55.68,27,10.09099
655.71,30,10.105953
-260.45,35,10.137899
834.54,41,10.157813
590.64,27,10.171774
-18.12,26,10.184739
394.24,29,10.198702
229.72,23,10.21067
-477.92,42,10.231648
328.32,29,11.455341
443.84,29,11.476284
-451.33,35,11.499223
201.34,27,11.516177
-25.74,30,11.536124
-90.87,30,11.556072
1151.06,39,11.582999
572.96,54,11.627879
499.14,33,11.647825
-165.4,29,11.662786
660.66,29,11.677746
73.58,24,11.689715
467.9,30,11.705671
423.1,44,11.727613
143.91,25,11.73958
40.57,28,11.753572
817.75,34,11.770524
681.62,29,11.784492
-149.75,34,11.800456
229.69,32,11.816375
37.43,27,11.829371
38.98,23,11.840342
80.52,31,11.855303
611.08,23,11.866273
60.81,31,11.881236
312.71,28,11.909158
555.16,25,11.922092
146.36,26,11.935058
53.81,26,11.948024
114.88,26,11.961986
342.82,28,11.975947
574.2,32,11.991905
344.68,31,12.007863
295.95,28,12.021825
381.91,23,12.033794
78.94,24,12.045761
250.4,36,12.063714
379.56,29,12.078672
238.37,25,12.090643
442.75,31,12.106598
335.32,30,12.121557
300.17,24,12.133526
235.86,31,12.148485
125.5,28,12.162448
610.06,34,12.179404
809.77,30,12.194365
325.55,23,12.206332
-88.49,25,12.218301
144.3,26,12.231266
160.31,27,12.244262
-24.89,32,12.260219
291.14,24,12.275179
439.74,30,12.292135
-219.37,27,12.305099
271.38,31,12.320062
264.32,25,12.331996
453.36,23,12.342966
261.49,29,12.356929
141.78,35,12.373917
66.03,24,12.385852
258.26,28,12.414806
355.45,31,12.429765
289.99,23,12.441703
61.21,33,12.458656
259.09,25,12.470626
113.26,32,12.488608
291.64,28,12.502571
719.13,31,12.517531
411.25,27,12.531463
-62.62,28,12.546421
-455.86,29,13.748206
211.19,24,13.764164
246.9,26,13.779124
423.72,26,13.793086
-96.44,24,13.808046
1120.35,38,13.83996
288.98,33,13.867887
44.83,36,13.889827
220.46,28,13.90379
156.8,35,13.920744
25.46,24,13.932713
81.07,24,13.94468
151.0,26,13.958643
630.37,40,13.97859
9.05,25,13.990559
1405.89,44,14.0125
483.73,30,14.02746
62.34,28,14.041423
231.87,27,14.055386
-21.04,23,14.067376
771.99,28,14.082313
220.43,26,14.095279
456.69,33,14.112253
276.2,25,14.125225
-28.03,26,14.138163
309.96,24,14.165093
627.92,41,14.186035
670.73,30,14.201027
690.11,35,14.217983
-390.47,26,14.231914
642.14,28,14.245876
66.31,26,14.257844
-139.45,25,14.27081
154.68,31,14.285768
61.24,29,14.30073
393.67,26,14.316686
332.17,23,14.330648
356.46,24,14.343646
598.68,43,14.370543
1454.4,47,14.39451
250.06,30,14.409462
150.32,24,14.421406
674.58,28,14.435368
206.27,25,14.448333
333.68,24,14.460301
230.69,27,14.473268
97.99,29,14.488226
173.76,23,14.500226
308.43,26,14.513187
-20.37,28,14.526154
2.9,26,14.540116
1111.37,42,14.560061
149.03,30,14.575024
563.46,47,14.598958
104.79,23,14.609931
391.51,31,14.624888
489.29,28,14.638854
-49.19,33,14.65581
989.94,46,14.692712
132.38,23,14.703682
219.8,28,14.717645
302.47,25,14.73061
206.06,28,14.74454
78.27,30,14.761497
83.12,29,14.775458
-286.09,41,14.795406
-91.18,33,14.811362
298.35,33,14.828318
98.06,25,14.840286
708.18,34,16.088945
291.16,31,16.108891
1073.94,47,16.139807
253.39,30,16.156763
-2.09,27,16.170725
347.72,48,16.195661
278.06,36,16.218597
543.16,45,16.255498
988.33,40,16.281429
256.8,29,16.296389
737.98,39,16.315339
-64.74,34,16.332325
541.7,38,16.351243
279.63,34,16.36823
239.6,25,16.380167
892.93,25,16.393132
467.5,37,16.411084
1057.93,37,16.430031
704.21,40,16.44998
303.81,25,16.476908
357.34,29,16.49087
788.31,60,16.52079
168.61,23,16.53176
443.77,33,16.548716
518.49,38,16.567665
269.38,29,16.581626
226.41,38,16.600575
17.74,35,16.61753
706.12,30,16.632492
60.52,36,16.650444
516.01,39,16.669393
-110.7,30,16.684352
365.46,27,16.698315
98.85,27,16.711307
559.71,47,16.734218
524.69,23,16.746188
136.47,25,16.761177
1721.32,54,16.792066
1121.44,50,16.819991
1708.31,43,16.84193
439.76,27,16.857889
965.69,39,16.877836
329.86,28,16.892795
510.38,41,16.91274
86.47,29,16.933685
207.26,27,16.947648
335.78,29,16.96161
413.12,38,16.981557
84.82,33,17.013472
976.56,40,17.035414
407.23,25,17.048378
582.79,40,17.075307
366.38,48,17.102236
566.76,27,17.119188
1455.67,45,17.145143
771.06,45,17.168082
115.11,36,17.188005
-199.27,31,17.203963
452.61,23,17.21593
2218.17,71,18.60621
1218.15,46,18.645106
-46.67,34,18.665054
348.81,31,18.682015
-140.51,30,18.699959
188.69,27,18.722897
640.58,24,18.743842
372.36,29,18.763788
429.19,25,18.776753
1589.3,73,18.812658
94.45,29,18.826653
147.49,31,18.841613
371.97,25,18.85358
588.97,53,18.891447
380.55,30,18.907474
40.7,24,18.919472
68.42,28,18.933434
59.53,26,18.962326
104.65,28,18.977322
252.32,24,18.989285
27.38,25,19.002242
494.29,31,19.017202
-46.15,28,19.031142
1507.77,60,19.062087
244.73,26,19.07405
-76.33,30,19.088986
9.99,30,19.103977
682.31,31,19.118943
1066.91,33,19.134892
538.21,34,19.151841
52.37,36,19.169801
321.64,27,19.18473
425.0,23,19.196698
2351.51,56,19.224622
-180.1,32,19.240582
-136.56,28,19.255541
1565.89,43,19.277481
746.22,37,19.29643
211.1,23,19.307401
1128.81,35,19.33034
1635.43,64,19.372228
661.34,39,19.399156
-257.68,30,19.415113
298.67,31,19.4321
243.97,23,19.446031
211.07,46,19.468003
260.15,35,19.501882
243.15,28,19.515845
988.28,40,19.534792
101.84,32,19.550751
-149.65,28,19.564714
-20.66,29,19.579674
9.57,25,19.591642
405.76,38,19.610592
-51.88,26,19.623557
449.53,24,19.635525
495.43,32,19.651482
626.79,30,19.666442
1310.86,46,19.68938
847.47,53,20.849277
103.78,24,20.869225
568.2,28,20.893161
2158.91,54,20.927069
47.75,29,20.944055
-90.42,23,20.962974
409.41,51,21.000872
923.52,61,21.044753
1073.96,71,21.079692
309.74,34,21.096647
466.06,35,21.113607
436.0,30,21.12853
122.55,23,21.139532
690.13,36,21.157484
38.53,26,21.170454
46.36,26,21.182386
1763.17,47,21.221313
125.64,23,21.232285
666.53,55,21.260176
571.9,42,21.281122
255.22,24,21.293089
1774.45,62,21.324008
2461.22,57,21.35293
3255.12,68,21.38687
-30.71,30,21.401798
1398.94,44,21.423764
353.7,48,21.447713
160.23,26,21.460674
3201.0,102,21.510539
176.25,26,21.523505
192.96,36,21.541455
414.6,24,21.553424
271.5,30,21.568353
289.11,30,21.583344
2536.91,85,21.624235
880.83,72,21.660139
349.77,24,21.673105
1916.43,65,21.720977
178.49,23,21.731947
-88.67,41,21.751894
1615.53,39,21.770844
792.4,47,21.794779
1039.1,61,21.82367
2582.33,65,21.855584
181.25,77,21.89251
2228.07,63,21.922438
134.4,23,21.934405
1964.64,46,23.171064
-171.46,66,23.205971
944.58,33,23.227946
2488.77,93,23.28476
-21.54,50,23.324653
80.27,33,23.354574
1499.92,43,23.379507
14.2,26,23.392473
761.13,105,23.444366
1170.66,40,23.464313
993.0,36,23.498222
81.13,31,23.513182
92.41,33,23.529146
1231.28,52,23.55507
227.54,23,23.568025
502.8,34,23.584992
227.43,25,23.596958
-70.74,30,23.612885
1002.42,32,23.62887
44.47,25,23.640841
207.12,25,23.653807
90.89,23,23.664782
1475.56,97,23.713615
1627.39,42,23.73459
99.3,31,23.750547
77.85,32,23.766473
153.04,26,23.779439
168.98,24,23.79041
1521.19,54,23.817336
882.54,35,23.835288
355.62,26,23.848253
210.36,26,23.861219
116.95,26,23.874186
2234.14,51,23.899117
1893.61,50,23.924052
347.98,34,23.941005
1357.11,51,23.966938
301.89,37,23.984889
137.49,25,24.012815
2256.03,53,24.038743
730.38,31,24.053705
442.48,26,24.066669
2572.41,58,24.095593
144.45,26,24.108558
846.8,38,24.127507
190.94,24,24.139476
1180.87,53,24.165405
2484.88,56,24.193331
457.74,27,24.206297
3901.8,105,24.259155
3582.42,93,25.497349
-170.37,28,25.513308
192.39,29,25.53026
93.3,26,25.547215
1042.79,46,25.584116
473.46,29,25.600074
2572.74,98,25.652933
1235.81,34,25.66989
224.96,23,25.681855
174.46,27,25.696815
236.24,27,25.710811
442.92,42,25.746721
354.21,26,25.759683
248.66,28,25.773644
698.2,75,25.810543
-354.48,128,25.873343
478.78,32,25.889333
75.1,25,25.901303
378.93,54,25.928232
777.91,36,25.946187
268.8,24,25.958148
895.91,52,25.98408
333.35,23,25.996047
690.7,36,26.013999
132.33,26,26.026966
1460.62,68,26.060843
1270.7,80,26.100736
87.87,23,26.111705
269.02,25,26.123673
5459.79,99,26.173573
1502.12,43,26.194516
-61.67,80,26.234379
336.96,30,26.259343
224.3,30,26.275268
401.46,29,26.289263
2641.81,61,26.320148
2967.2,63,26.352064
214.34,31,26.367024
130.33,24,26.378992
156.87,24,26.391957
231.5,23,26.402928
8.83,27,26.416889
421.37,30,26.430851
-125.41,32,26.446811
208.51,26,26.459775
260.48,30,26.474736
274.81,26,26.4877
263.01,70,26.522608
212.72,26,27.858033
315.2,25,27.873991
-63.84,28,27.891944
-106.45,24,27.907901
111.72,24,27.926849
756.96,32,27.944802
1478.41,92,27.998657
435.1,27,28.021596
-1.87,42,28.048525
-15.52,26,28.061489
2193.76,95,28.107403
931.11,104,28.169203
25.49,25,28.18117
53.11,25,28.194136
-60.72,26,28.206104
2660.34,78,28.245
40.65,28,28.25996
-56.59,31,28.274919
-125.59,54,28.301848
23.69,29,28.315809
3698.59,190,28.409558
2829.32,126,28.472391
283.44,56,28.500317
264.89,26,28.512283
1102.62,49,28.53725
3322.77,104,28.589103
3720.1,185,28.687847
1514.19,47,28.711751
624.92,25,28.723749
1676.41,44,28.745659
3167.36,72,28.781564
186.28,35,28.798519
240.04,35,28.816469
152.22,30,28.831429
1108.49,75,28.868363
107.53,48,28.8923
1855.65,98,30.16586
297.38,29,30.18082
4051.57,117,30.247642
5987.53,236,30.394248
65.71,26,30.407214
-94.38,78,30.446143
106.51,25,30.459076
-3.83,23,30.471044
413.86,25,30.483043
2152.93,69,30.516922
447.71,114,30.574798
375.23,35,30.591753
60.71,23,30.603724
52.71,25,30.616655
2369.84,138,30.684504
53.44,27,30.698467
463.62,25,30.710435
272.49,25,30.722372
2767.85,119,30.781215
4272.42,142,30.852026
436.7,41,30.87297
3609.55,76,30.918845
10645.85,203,31.018593
129.05,25,31.031544
2897.61,141,31.101366
383.25,71,31.136265
4082.93,110,31.190152
96.41,26,31.203117
10725.55,243,32.524549
1099.04,61,32.555466
199.52,29,32.569429
2649.34,119,32.645226
1533.69,57,32.674151
260.1,32,32.690108
2531.31,71,32.725014
-755.53,117,32.783857
2869.43,91,32.828737
262.82,25,32.840705
-129.07,79,32.880598
1073.14,36,32.897552
-4.93,141,32.967397
8093.61,222,33.076074
25.02,27,33.091066
27.18,51,33.131961
-112.44,26,33.144922
2181.23,53,33.17182
296.92,27,33.185808
4367.01,112,33.24266
133.58,31,33.25759
5186.41,134,33.324411
243.07,26,33.337376
9789.8,281,34.705716
144.57,25,34.726658
9594.2,222,34.858306
7565.14,194,34.979009
4415.13,178,35.064789
12.72,26,35.076756
298.85,26,35.089719
210.03,26,35.102685
126.54,26,35.114653
115.22,25,35.126621
187.06,28,35.140586
345.16,31,35.155543
35.54,24,35.166482
3174.32,96,35.213389
4811.4,86,35.254247
64.76,23,35.265251
512.96,31,35.28021
235.15,59,35.310098
34.87,228,35.436791
1889.36,139,35.505574
375.45,40,35.525523
338.26,23,35.537489
8919.66,165,35.618274
3003.0,131,35.684129
-15.75,25,35.696098
-234.53,116,35.753942
185.15,23,35.764915
5706.02,165,36.963674
1387.71,40,36.989604
116.96,33,37.018527
215.6,29,37.054431
168.7,29,37.07338
305.04,29,37.08834
179.73,32,37.104298
243.36,26,37.117263
45.65,25,37.130229
6410.55,127,37.19306
433.41,40,37.213008
2358.94,114,37.268857
-225.3,72,37.304763
1219.64,43,37.326705
629.22,33,37.343657
-64.0,27,37.356622
825.64,28,37.370587
323.88,32,37.386545
863.02,47,37.411477
8819.89,291,37.565097
960.25,123,37.643883
3809.57,211,37.796446
845.36,27,37.810409
300.85,30,37.82537
343.58,26,37.839332
4830.36,182,37.940063
109.51,29,37.965992
1352.75,74,38.022874
66.59,32,38.042787
-30.2,23,38.054757
109.19,26,38.06875
1911.39,47,39.367244
-142.72,55,39.40614
445.0,205,39.544768
1675.59,103,39.615581
152.75,28,39.629542
601.3,38,39.648493
-2176.44,284,39.78516
139.83,26,39.798124
1905.56,58,39.826049
-281.77,69,39.867937
801.11,102,39.929772
14946.45,234,40.05344
4859.84,124,40.115244
-122.68,27,40.128209
182.15,28,40.142203
1599.2,47,40.166108
145.11,31,40.181099
3190.47,70,40.215976
4008.74,80,40.254869
2431.44,76,40.292801
1308.2,92,40.337667
6852.42,179,40.42744
328.12,28,40.441403
-405.68,110,41.854626
17863.77,276,42.00223
13256.5,237,42.119947
265.31,181,42.209707
354.07,29,42.223668
242.66,24,42.235606
55.11,25,42.248607
452.88,52,42.27454
94.12,28,42.290494
13698.34,409,42.513862
483.14,29,42.528821
330.71,30,42.543813
3459.78,74,42.579717
511.93,545,42.85096
8628.45,355,44.273188
88.51,23,44.285123
-122.68,54,44.312087
9758.2,182,44.399848
3874.2,160,44.476645
11144.5,215,44.582327
9747.96,427,44.812743
-42.81,26,44.826706
138.94,26,44.838675
3076.28,522,45.090001
163.68,25,45.101938
10431.98,395,46.59799
68.9,29,46.612952
2577.64,136,46.678774
1275.21,42,46.699687
121.34,23,46.710688
-246.04,536,46.985945
27010.79,445,47.205364
10786.81,195,47.299116
-25.84,27,47.312079
6774.6,169,47.393829
168.57,28,47.407825
48.52,26,47.419798
56.96,27,47.432758
752.06,37,47.450708
-37.85,27,48.77613
368.92,27,48.797074
302.72,27,48.816024
249.23,25,48.827992
-158.95,27,48.848936
10552.39,174,48.969646
3599.34,155,49.045442
293.86,30,49.060372
14326.5,262,49.187063
-50.24,25,49.200029
306.32,25,49.211992
16039.71,245,49.346605
14055.7,545,49.61788
13121.02,211,49.721601
141.49,24,49.73357
-40.12,29,49.748529
2551.99,62,49.779446
1735.97,214,51.16474
632.55,28,51.189674
5155.47,232,51.345258
52.08,25,51.357225
134.18,28,51.371222
1095.13,60,51.400144
168.37,27,51.413108
206.86,26,51.426074
-54.98,24,51.437046
-28.98,25,51.45001
228.54,25,51.461977
18780.84,715,51.820986
9222.42,202,51.920718
1015.63,92,51.967617
11695.58,187,52.060345
284.31,25,52.073339
6062.34,249,52.210943
480.23,445,53.689006
-8.19,23,53.699984
239.48,26,53.712942
244.68,357,53.89048
412.58,29,53.906438
-2377.4,339,54.08792
7974.15,318,54.244503
-425.18,101,54.294368
-3030.54,369,54.492872
-1144.08,176,55.857186
20.2,30,55.873145
6673.2,134,55.949939
1130.73,242,56.068654
442.59,29,56.083613
5219.67,298,56.244184
-538.98,78,56.282083
294.31,159,56.359842
-1279.49,184,56.4506
9156.89,316,56.607182
8340.76,228,56.724867
5690.73,115,56.790689
3833.87,81,56.830585
1769.33,228,58.287685
3208.1,141,58.362484
18428.81,289,58.504107
19496.33,508,58.79832
-21.39,30,58.813279
-113.23,43,58.837214
337.67,35,58.857164
3589.66,234,58.973882
8647.59,318,59.137449
1898.08,51,59.162376
2190.22,242,60.486801
8953.09,430,60.753091
-148.02,24,60.766087
-5489.45,614,61.087195
2003.31,199,61.183937
-250.31,88,61.22782
11122.86,327,61.387392
-1351.49,188,61.491115
4571.0,141,62.863444
1705.85,60,62.910319
1240.21,92,62.976142
-164.27,34,63.001075
616.12,67,63.035983
394.1,51,63.061914
-82.16,62,63.092832
686.82,40,63.112777
236.92,48,63.135717
296.6,38,63.155662
-28.86,32,63.17162
7508.12,397,63.378068
1609.54,46,63.401007
796.96,38,63.419956
177.89,40,63.439903
-23.55,32,63.455859
9.8,33,63.471818
4943.47,85,63.513705
753.64,35,63.531659
133.28,32,63.548612
841.98,80,63.587507
-34.75,31,63.603464
872.72,70,63.637406
4095.09,77,63.680282
386.24,29,63.694223
-169.2,37,63.713171
1106.21,49,63.737107
1302.92,53,63.76307
40.66,29,63.787005
15.42,32,63.802932
47.05,24,63.814899
-314.5,63,63.845817
1192.28,51,63.870749
261.11,68,63.90466
91.81,46,63.927597
405.51,31,63.944552
529.2,35,65.176257
-31.6,32,65.203185
3601.39,73,65.240085
-213.72,29,65.255046
2481.04,99,65.31688
1055.22,96,65.368741
3980.67,179,65.455541
47.73,25,65.467513
1216.62,123,65.539319
1364.7,39,65.558284
631.44,35,65.576188
295.9,27,65.589152
2415.22,72,65.625056
1962.13,79,65.663951
286.26,70,65.698891
344.84,46,65.721799
-320.82,41,65.742741
466.04,26,65.755708
573.38,36,65.77366
1116.85,39,65.79364
4814.42,97,65.842474
127.94,27,65.855441
-166.34,77,65.894376
21.58,24,65.906303
-61.28,27,65.91927
1292.38,60,65.94919
-620.8,85,65.991078
4000.89,88,66.043935
7408.54,154,66.122724
364.56,23,66.133695
444.29,25,66.14666
310.14,27,66.159626
-254.34,29,66.173588
3891.14,94,66.220463
788.43,45,67.468124
2353.08,86,67.521981
1491.81,117,67.597779
9747.69,186,67.703496
28.32,35,67.720451
-321.97,53,67.755358
162.74,28,67.769341
7578.88,339,67.947844
1828.3,70,67.98275
-142.91,34,68.0007
6448.55,246,68.121379
2112.68,109,68.175235
3088.16,70,68.212168
129.9,24,68.224135
1214.09,225,68.343784
1478.87,81,68.383676
18243.88,467,70.038251
198.58,41,70.064179
17.92,23,70.077146
12137.87,675,70.420227
425.32,31,70.435189
1812.28,80,70.475082
6918.34,127,70.536915
3621.73,107,70.587812
4127.39,103,70.636681
6927.18,139,70.703502
2018.53,55,70.730432
903.03,35,70.756363
944.25,91,70.80121
594.67,48,70.826143
6713.27,336,70.992698
947.13,114,72.560502
1392.4,191,72.70312
1560.92,74,72.742018
254.67,527,73.026257
491.24,25,73.04022
17519.08,502,73.29556
5401.0,161,73.386326
-86.55,31,73.401254
218.0,33,73.419205
-184.8,49,73.443143
-201.35,47,73.466081
6183.47,230,73.590747
3.09,26,73.606704
3634.18,76,75.153565
61.66,42,75.187475
18.84,34,75.214403
210.66,26,75.234349
627.34,34,75.258284
-57.96,30,75.274242
3517.46,103,75.328098
118.1,29,75.343059
107.7,23,75.355026
4953.48,89,75.401902
14884.35,258,75.541527
4799.62,136,75.608348
294.07,65,75.642259
-954.7,89,75.688136
176.93,23,75.7011
150.9,31,75.718056
4077.05,108,75.769916
473.62,38,75.789862
16.72,31,75.804824
3295.72,96,75.851698
46.68,26,75.864663
272.78,57,75.894618
2868.8,59,75.924534
-250.75,67,75.967421
560.82,75,76.004321
1594.83,80,76.045212
175.88,51,76.071142
24986.81,786,77.966073
1344.79,115,78.022922
54.19,25,78.034889
-91.92,23,78.045853
4550.83,121,78.106664
3592.48,83,78.147555
-27.38,34,78.164512
31211.85,1084,78.713044
4330.01,407,80.423468
77.6,36,80.441419
5852.97,119,80.510236
-41.48,32,80.526192
3865.75,131,80.592017
271.78,26,80.604982
95.54,34,80.621935
91.64,29,80.636897
2493.62,96,80.685765
3929.76,233,80.801457
482.94,31,80.817413
7.98,24,80.829381
-39.44,32,80.846336
-713.84,51,80.872266
729.38,46,80.895207
1520.68,167,80.989953
-77.43,26,81.002916
997.56,139,81.072762
2066.01,65,81.105675
-9.36,53,81.131573
-337.64,33,81.147559
-110.18,32,81.163516
4621.08,230,81.276187
-1838.28,199,82.749244
3197.28,186,82.865933
10906.45,182,82.969655
-45.88,25,82.981624
21808.43,1397,83.697707
164.32,30,83.713665
70.23,27,83.727637
1812.85,200,85.245566
1476.48,233,85.397194
439.3,51,85.423093
1980.08,685,85.774153
598.59,47,85.798088
251.49,25,85.811055
136.71,41,85.832996
299.83,166,85.926761
229.0,23,85.938729
-1709.08,264,86.075395
2321.41,71,86.11027
15652.18,267,86.243943
2572.19,81,87.667104
-534.83,128,87.75786
1537.73,286,87.919461
912.95,90,87.963343
-760.9,60,87.993264
-250.14,34,88.011185
5772.18,184,88.101973
367.04,57,88.129904
-190.16,32,88.145825
475.58,25,88.159786
489.43,133,88.226641
2337.09,172,88.324346
-388.49,202,88.432058
-518.52,98,88.480927
-148.8,275,88.619557
1614.4,121,88.680393
-10.0,30,88.695354
-951.7,159,90.167416
43.24,25,90.190354
-239.46,60,90.241218
141.35,33,90.287097
400.98,41,90.310034
-316.78,66,90.347934
14622.13,358,90.578316
-968.58,309,90.738885
5703.05,171,90.832635
12961.67,371,91.033099
1089.34,74,91.074989
5212.16,157,91.157785
-518.64,78,91.198694
-1361.13,182,91.290411
-455.77,75,92.827299
258.66,25,92.84924
16555.86,305,93.078628
2232.1,466,93.317024
-55.84,50,93.341955
-18.5,25,93.353929
1619.86,60,93.383842
74.14,24,93.39581
4007.25,160,93.486535
7323.39,717,93.850562
227.43,25,93.864524
-89.03,29,93.879516
-314.31,113,93.938359
-1465.3,205,95.425349
219.48,30,95.441306
155.41,23,95.458261
2061.28,86,95.509125
-271.12,36,95.528074
2239.62,115,95.585921
13537.76,340,95.753498
2279.31,269,95.898116
4485.21,127,95.960948
195.04,26,95.973913
11066.41,212,96.076639
-653.43,102,96.12551
1987.57,85,96.166366
9822.53,233,96.281092
5852.88,144,96.351895
-123.38,87,97.663929
15389.69,308,97.826495
11180.15,238,97.944182
4950.38,97,97.994047
-405.51,25,98.007012
3635.76,152,98.087828
57.78,28,98.100794
28820.61,1137,98.683204
113.38,23,100.04855
435.58,29,100.072487
256.54,23,100.08645
94.86,23,100.104401
480.38,29,100.127339
2152.61,42,100.152272
289.92,28,100.169227
82.46,23,100.181195
245.08,30,100.199147
1156.34,69,100.249015
26.74,23,100.260982
-5.88,23,100.271953
37.74,26,100.284918
85.32,24,100.296887
10140.53,215,100.404631
-273.74,169,100.486412
217.6,27,100.500374
-418.01,45,100.522316
-64.48,24,100.534254
97.89,24,100.547248
296.12,130,100.627003
-124.1,24,100.640001
366.6,25,100.652936
87.38,33,100.66989
6149.58,187,100.764635
394.88,26,100.779595
160.38,26,100.792561
-62.62,23,100.80453
50.34,34,100.823479
310.0,28,100.839436
-22.4,46,100.862375
93.08,23,100.874344
-68.04,24,100.886309
-198.47,27,100.900273
129.7,23,100.912242
338.42,26,100.925207
-3241.3,394,101.130658
532.46,24,101.142624
87.54,25,102.37732
30.32,28,102.39228
11449.27,264,102.55285
370.96,43,102.581773
-169.14,24,102.593742
255.55,23,102.605709
-267.94,29,102.619673
1903.94,67,102.653584
-131.43,48,102.677517
76.62,35,102.694472
747.08,55,102.7214
5424.34,369,102.915881
1935.17,126,102.978712
226.45,28,102.992675
97.7,26,103.00664
2475.22,86,103.049522
-193.58,30,103.064482
144.8,24,103.076451
1085.5,399,103.276916
845.34,41,103.299854
485.83,32,103.31581
2311.27,160,103.402613
-34.5,24,103.414576
-408.62,80,103.454441
-1005.7,194,105.007284
-26.36,26,105.021247
3423.45,280,105.167856
1154.09,45,105.194816
6022.98,125,105.270608
117.85,48,105.300502
197.9,28,105.314502
58.27,26,105.327461
39.49,23,105.338432
476.46,23,105.350399
1015.37,33,105.366357
-215.01,178,105.466089
104.7,23,105.478027
263.94,23,105.489995
1804.24,97,105.539861
138.34,53,105.56679
35532.85,549,105.851028
22151.28,1046,107.724049
3231.39,143,107.804803
1830.92,269,107.950412
-198.96,61,107.98133
200.26,30,107.996288
325.24,36,108.015238
9444.05,252,108.140903
148.76,24,108.152869
-177.17,26,108.165836
-384.17,52,108.192765
-189.55,30,108.207724
14.6,27,108.220688
-318.56,27,108.233654
91.54,33,108.25061
26479.3,514,109.851326
-56.56,26,109.870275
5526.89,175,109.965023
12359.46,306,110.113658
-44.64,26,110.126626
177.06,23,110.148531
-170.56,27,110.162496
637.83,23,110.173466
2680.96,83,110.217348
262.26,28,110.231311
-597.65,77,110.269208
2616.26,98,110.318079
3313.01,62,110.349993
92.47,27,110.363956
-45.86,29,110.377917
77.36,26,110.390884
4487.56,132,110.456708
297.72,51,110.482638
271.52,26,110.495604
302.43,26,110.508568
-2063.0,272,110.644205
1622.36,69,110.688087
392.49,23,110.699058
229.92,23,110.711026
98.74,25,110.72499
613.63,80,110.764884
847.91,32,110.780841
2826.79,62,112.159151
-25.61,23,112.179098
22473.68,824,112.629892
201.63,40,112.649839
1982.96,51,112.674772
-232.92,28,112.688735
202.62,25,112.7017
1170.6,83,112.742591
-129.12,24,112.754559
16435.66,323,112.914165
232.54,24,112.926132
13.99,29,112.940095
242.07,27,112.954027
-92.86,28,112.967989
-2.6,27,112.981952
1260.2,52,113.007881
5561.94,98,113.065728
4481.6,168,113.149504
92.86,29,113.164492
-132.96,27,113.178427
1908.92,52,113.204357
384.17,41,114.383201
-69.06,51,114.419105
-624.39,49,114.445037
770.89,89,114.500887
13886.11,1333,115.170129
134.36,32,115.186054
458.38,33,115.202013
-63.08,28,115.214978
918.04,67,115.257862
3827.26,73,115.294765
-60.08,42,115.315707
1598.42,49,115.341639
1879.96,63,115.372557
-46.72,29,115.387516
1134.11,36,115.405469
3880.1,103,116.666094
-204.33,35,116.683049
12405.62,221,116.824671
-358.3,53,116.854591
204.46,34,116.872543
2682.86,132,116.948342
322.68,27,116.962305
16.7,31,116.979258
408.94,35,116.997211
377.86,40,117.028126
281.93,27,117.042091
3629.72,97,117.091989
787.08,139,117.167754
192.56,30,117.182714
230.49,25,117.195681
-179.5,60,117.228593
-898.08,215,117.344282
-423.98,40,117.365225
-110.08,24,117.377193
-1619.2,245,117.496905
-1.36,24,117.507874
407.16,36,117.525828
-712.99,100,117.600595
-190.47,51,117.626527
169.22,23,117.638495
